{"train_samples_per_second":27.496,"train_runtime":290.9491,"_timestamp":1.7495880141803005e+09,"_step":50,"train/epoch":3.816793893129771,"total_flos":1.0115602714340352e+16,"train/learning_rate":0,"train/loss":0.0206,"_wandb":{"runtime":264},"train_steps_per_second":1.719,"train_loss":0.06520752036571503,"train/global_step":500,"_runtime":248.139599612,"train/grad_norm":0.22416988015174866}